book,chapter,total_classes,dialog_classes,fx_classes,all_classes,risk_flag
,public\books\efekty.html,27,dialog,fx-neon fx-scanline corrupt fx-noise glitching fx-outline halo fx-flicker fx-gradient fx-underline fx-wave echo-ghost alarm-emote fx-glitch,title log dialog text textV fx-neon datastream fx-scanline corrupt fx-noise glitching fx-outline is-lit halo fx-flicker fx-gradient fx-underline fx-wave echo-ghost alarm-emote fx-glitch glitching-char neon-char bright flickering flickering-off noising-text,medium-fx-density
,public\books\SYNTHOMA-KONEC_PODPORY\SYNTHOMA_KONEC_PODPORY_00_PODPOROVANO.html,39,dialog dialog-line dialogT dialogR dialogPassenger dialogE dialogBot,fx-scanline fx-outline bios-warning fx-uppercase-wide fx-flicker fx-glitch,kp-chapter kp-supported kp-chapter--00 kp-terminal log fx-scanline datastream dialog dialog-line kp-sensor-denial title kp-title fx-outline is-lit manifest kp-axiom text dialogT bios-warning dialogR hollow dialogPassenger fx-uppercase-wide fx-flicker dialogE dialogBot kp-shaft kp-falling-tool kp-clock kp-manual-witness kp-conflict kp-black-screen kp-old-line kp-synthoma-mark fx-glitch kp-final-voice kp-time-zero choice choice-link,
,public\books\SYNTHOMA-KONEC_PODPORY\SYNTHOMA_KONEC_PODPORY_01_OZNAMENI.html,46,dialogVoice dialog-line dialog dialogE dialogT dialogR dialogPassenger dialogBuilding dialogSobotka dialogBus,fx-uppercase-wide fx-scanline bios-warning fx-flicker,kp-chapter kp-chapter--01 title kp-title fx-uppercase-wide kp-axiom kp-support-expired dialogVoice dialog-line text kp-consent kp-terminal kp-terminal--danger log fx-scanline datastream dialog dialogE dialogT dialogR kp-freefall kp-drop-meter kp-terminal--warning bios-warning dialogPassenger kp-local-boot kp-building-chorus dialogBuilding kp-tova-protocol kp-glass-wall dialogSobotka kp-stairwell kp-city-grid kp-contradiction kp-route kp-route--trap dialogBus kp-bus-follow kp-preserved-count kp-family-signal fx-flicker kp-old-line kp-whisper kp-final-line choice choice-link,
,public\books\SYNTHOMA-KONEC_PODPORY\SYNTHOMA_KONEC_PODPORY_02_VOLNY_PAD.html,40,dialogBus dialog-line dialogT dialogCivil dialogSystem dialogMilo dialogVoice dialogBoris,fx-uppercase-wide,kp-chapter kp-chapter--02 title kp-title fx-uppercase-wide kp-axiom text kp-bus-shadow dialogBus dialog-line dialogT dialogCivil dialogSystem kp-crossing kp-city-fall kp-terminal kp-terminal--warning kp-bridge kp-gap-meter kp-milo-entry kp-milo-mark dialogMilo kp-directive kp-old-line kp-old-line--critical kp-terminal--legacy kp-tova-fragment kp-foam kp-tunnel dialogVoice kp-smartband dialogBoris kp-terminal--danger kp-ticket-storm kp-user-1024 kp-id kp-wait kp-final-line choice choice-link,
,public\books\SYNTHOMA-KONEC_PODPORY\SYNTHOMA_KONEC_PODPORY_03_PODPORA.html,56,dialogSystem dialog-line dialogVoice dialogBoris dialogT dialogMilo dialogCivil dialogSara dialogMina dialogVanta,,kp-chapter kp-chapter--support kp-chapter--03 title kp-title kp-axiom kp-user-1024 kp-id kp-wait kp-call-wave dialogSystem dialog-line text dialogVoice dialogBoris dialogT kp-ticket-storm kp-count kp-inline-text--success kp-terminal kp-terminal--legacy kp-terminal--danger kp-terminal--paper dialogMilo kp-incident-grid kp-incident dialogCivil kp-support-desk kp-inline-text--danger kp-boris-history kp-manual-broadcast kp-n2-signal kp-audit kp-audit-meter kp-power-map kp-power-row kp-power-track kp-power-fill kp-power-fill--fuel-reserve kp-power-fill--support-lines kp-power-fill--crisis-control kp-archive-pulse kp-power-fill--clinical-archive kp-power-fill--legacy-archive kp-observer dialogSara kp-terminal--warning kp-training-loop kp-comfort-incursion kp-scent-haze kp-knock dialogMina dialogVanta kp-final-line choice choice-link,
,public\books\SYNTHOMA-KONEC_PODPORY\SYNTHOMA_KONEC_PODPORY_04_KOMFORTNI_ZONA.html,57,dialogSystem dialog-line dialogT dialogBoris dialogMilo dialogMina dialogVanta dialogVoice,,kp-chapter kp-chapter--comfort kp-chapter--04 title kp-title kp-axiom text kp-comfort-field dialogSystem dialog-line kp-chair-row kp-chair dialogT dialogBoris kp-restraint kp-scent-haze dialogMilo kp-wall kp-knock dialogMina kp-mina-room dialogVanta kp-terminal kp-terminal--vanta kp-vanta-suite kp-mirror-strip kp-profile-grid kp-profile-card kp-profile-card--tova kp-profile-card--mina kp-profile-card--vanta kp-profile-card--milo kp-workshop kp-agenda kp-terminal--comfort kp-neutral-reveal kp-legacy-window kp-legacy-figures dialogVoice kp-boundary-door kp-door-sequence kp-terminal--paper kp-guide-grid kp-guide kp-city-map kp-route-line kp-migration kp-region-row kp-clinical-node kp-packet-corrupt kp-terminal--warning kp-bus-card kp-road-split kp-road-bus kp-final-line choice choice-link,
,public\books\SYNTHOMA-KONEC_PODPORY\SYNTHOMA_KONEC_PODPORY_05_OBJIZDKA.html,47,dialogMilo dialog-line dialogBus dialogBoris dialogMina dialogVanta dialogT dialogSystem dialogCivil,fx-uppercase-wide fx-flicker,kp-chapter kp-chapter--detour kp-chapter--05 title kp-title kp-axiom text kp-route-drift kp-route-line kp-route-bus dialogMilo dialog-line dialogBus dialogBoris dialogMina dialogVanta dialogT dialogSystem kp-terminal kp-terminal--route kp-lag-panel kp-impact kp-injury-grid kp-injury-card kp-terminal--danger dialogCivil kp-terminal--paper kp-roundabout kp-work-zone kp-cones kp-cone kp-drill-pit kp-classification-grid kp-classification fx-uppercase-wide kp-yellow-word kp-city-vehicle kp-cyan-word kp-checklist kp-terminal--fragment kp-fragment kp-simple-route fx-flicker kp-red-word kp-final-line choice choice-link,
,public\books\SYNTHOMA-KONEC_PODPORY\SYNTHOMA_KONEC_PODPORY_06_PECE.html,56,dialogMina dialog-line dialogBoris dialogT dialogSystem dialogVanta dialogCare dialogMilo dialogBus dialogJuros dialogPatient,,kp-chapter kp-chapter--06 title kp-title kp-axiom text kp-hospital dialogMina dialog-line dialogBoris dialogT kp-uniform-light dialogSystem dialogVanta kp-terminal kp-terminal--care dialogCare dialogMilo kp-care-fog dialogBus kp-blue-line dialogJuros kp-terminal--danger kp-diagnosis kp-terminal--paper dialogPatient kp-bed-swarm kp-bed kp-bed--1 kp-bed--2 kp-bed--3 kp-bed--4 kp-terminal--warning kp-clinical-depth kp-life-support-grid kp-life-support kp-choice-core kp-choice-columns kp-choice-column kp-choice-column--continuity kp-choice-column--cut kp-countdown kp-manual-switch kp-cut kp-red-word kp-careline kp-flatline kp-terminal--death kp-death-list kp-death-name kp-open-doors kp-fragment kp-fragment-labels kp-final-line choice choice-link,
,public\books\SYNTHOMA-KONEC_PODPORY\SYNTHOMA_KONEC_PODPORY_07_ZASILKA.html,52,dialogLogistics dialog-line dialogJuros dialogT dialogVanta dialogBus dialogMina dialogBoris dialogMilo dialogWorker dialogSystem,,kp-chapter kp-chapter--07 title kp-title kp-axiom text kp-logistics-yard kp-drones kp-terminal dialogLogistics dialog-line dialogJuros dialogT dialogVanta dialogBus kp-terminal--warning dialogMina dialogBoris kp-weight-scan dialogMilo kp-label-grid kp-label-card kp-label-card--boris kp-label-card--mina kp-label-card--juros kp-label-card--tova kp-label-card--vanta kp-label-card--milo kp-conveyor kp-shrinkwrap dialogWorker kp-cold-store kp-label-card--consent kp-terminal--danger kp-crusher kp-crusher-core kp-milo-damage kp-damage-part is-critical kp-fork-arms kp-control-tower kp-priority-stack kp-priority-line kp-terminal--green kp-fragment kp-countdown kp-route-void kp-terminal--death dialogSystem kp-final-line choice choice-link,
,public\books\SYNTHOMA-KONEC_PODPORY\SYNTHOMA_KONEC_PODPORY_08_DOMOV.html,58,dialogHome dialog-line dialogBus dialogSystem dialogT dialogJuros dialogMilo dialogVanta dialogMina dialogBoris dialogSara dialogResident dialogSecurity,,kp-chapter kp-chapter--home kp-chapter--08 title kp-title kp-axiom text kp-home-cluster kp-terminal dialogHome dialog-line dialogBus kp-terminal--danger dialogSystem dialogT dialogJuros dialogMilo dialogVanta kp-memory-video dialogMina kp-terminal--cyan kp-window-messages kp-window-message is-cyan is-danger kp-family-grid kp-family-card dialogBoris kp-old-house kp-terminal--cold dialogSara dialogResident kp-propaganda kp-perfect-home kp-profile-offer kp-leak-pulse dialogSecurity kp-terminal--green kp-tova-protocol kp-tova-rule kp-handprint kp-consent-grid kp-consent-card is-no is-wait kp-black-vans kp-anchor-road kp-core-home kp-door-choice kp-door-open kp-open-house kp-fragment kp-open-street kp-directive kp-drone-swarm kp-final-line choice choice-link,
,public\books\SYNTHOMA-KONEC_PODPORY\SYNTHOMA_KONEC_PODPORY_09_NEOPRAVNENY_UZIVATEL.html,72,dialogBus dialog-line dialogSecurity dialogMilo dialogT dialogMina dialogVanta dialogBoris dialogJuros dialogResident dialogCore dialogSystem dialogAudit,,kp-chapter kp-chapter--09 title kp-title kp-axiom text kp-barrier-field dialogBus dialog-line kp-terminal dialogSecurity dialogMilo dialogT dialogMina kp-drone-ring kp-drone-dot kp-drone-dot--delay-00 kp-drone-dot--delay-01 kp-drone-dot--delay-02 kp-drone-dot--delay-03 kp-drone-dot--delay-04 kp-drone-dot--delay-05 kp-drone-dot--delay-06 kp-drone-dot--delay-07 kp-drone-dot--delay-08 kp-drone-dot--delay-09 kp-drone-dot--delay-10 kp-drone-dot--delay-11 dialogVanta dialogBoris dialogJuros kp-profile-window dialogResident kp-restraint-line kp-terminal--black dialogCore is-deleting kp-injury-card kp-audit-war kp-ambient-path kp-ambient-path__level--low kp-ambient-path__level--high kp-ambient-path__level--critical kp-ambient-path__level--medium kp-ambient-path__level--peak kp-ambient-path__level--reduced kp-black-core kp-risk-map kp-derivation-chain kp-fragment-circle kp-color-legend red blue green gray kp-terminal--yellow dialogSystem kp-verification kp-authorized-threat kp-world-nodes kp-counts kp-terminal--green dialogAudit kp-terminal--cyan kp-tower kp-tower-ring r1 r2 r3 kp-final-line choice choice-link,
,public\books\SYNTHOMA-KONEC_PODPORY\SYNTHOMA_KONEC_PODPORY_10_TICHO.html,45,dialogSystem dialog-line dialogT dialogBoris dialogMilo dialogBus dialogMina dialogJuros dialogVanta dialogHestia dialogOracle dialogResident dialogNeon dialogNull,,kp-chapter kp-chapter--10 title kp-title kp-axiom text kp-terminal kp-terminal--black dialogSystem dialog-line kp-site kp-fence dialogT dialogBoris dialogMilo dialogBus dialogMina dialogJuros dialogVanta kp-gate-panel kp-silence-field kp-loop dialogHestia kp-loop-line dialogOracle kp-call-ended dialogResident kp-fade-text kp-audio-line dialogNeon kp-neon0-card kp-wall kp-door kp-door-title kp-scratch kp-keyring kp-terminal--green kp-stairwell kp-breath kp-legacy-core kp-observer dialogNull kp-final-line choice choice-link,
,public\books\SYNTHOMA-KONEC_PODPORY\SYNTHOMA_KONEC_PODPORY_11_BETA.html,48,dialogNull dialog-line dialogT dialogVanta dialogSystem dialogJuros dialogSarkasma dialogGlitchka dialogBoris dialogMilo dialogMina dialog1024 dialogNeon,,kp-chapter kp-chapter--11 title kp-title kp-axiom dialogNull dialog-line text dialogT dialogVanta kp-contact-terms dialogSystem dialogJuros kp-contact is-touched kp-dual-field kp-physical-half kp-null-half dialogSarkasma dialogGlitchka dialogBoris kp-cooling kp-cooling-bar dialogMilo kp-terminal kp-terminal--green dialogMina kp-terminal--black kp-beta-version kp-beta-grid kp-beta-cell is-breach kp-corridor kp-blocks kp-block dialog1024 kp-terminal--magenta kp-models kp-model kp-observer-rules violated kp-verification dialogNeon kp-question kp-cursor kp-final-line choice choice-link,
,public\books\SYNTHOMA-KONEC_PODPORY\SYNTHOMA_KONEC_PODPORY_12_TOVA.html,61,dialogMilo dialog-line dialogT dialogBoris dialogVanta dialogMina dialogSarkasma dialogGlitchka dialogJuros dialogNull dialogSystem dialogNeon,,kp-chapter kp-chapter--12 title kp-title kp-axiom kp-question kp-cursor text kp-cooling kp-cooling-bar dialogMilo dialog-line dialogT dialogBoris dialogVanta dialogMina dialogSarkasma dialogGlitchka dialogJuros kp-wait kp-answer kp-answer--unknown kp-terminal kp-terminal--green dialogNull kp-terminal--yellow kp-verification kp-verification-card model conflict unknown dialogSystem kp-dead-names kp-terminal--magenta kp-result uncertain dialogNeon kp-tova-ring kp-authority kp-authority--danger kp-authority__head kp-authority__grid kp-authority__item kp-permissions denied allowed pending kp-cooling-bar__fill--critical kp-wall kp-valve kp-steam kp-pump kp-pump__motor is-stable kp-map kp-terminal--black kp-route kp-stairs kp-final-line choice choice-link,
,public\books\SYNTHOMA-KONEC_PODPORY\SYNTHOMA_KONEC_PODPORY_13_KONTINUITA.html,68,dialogT dialog-line dialogBoris dialogMina dialogJuros dialogVanta dialogMilo dialogGlitchka dialogNull dialogSarkasma dialogSystem dialogHelena dialogNeon,,kp-chapter kp-chapter--13 title kp-title kp-axiom text kp-terminal kp-terminal--black kp-terminal--yellow dialogT dialog-line dialogBoris dialogMina dialogJuros dialogVanta dialogMilo kp-descent kp-return-lights kp-shoe kp-cart kp-subject dialogGlitchka dialogNull dialogSarkasma kp-interface-crowns kp-crown kp-belongings kp-gate kp-restraint-bed dialogSystem kp-terminal--red kp-terminal--magenta kp-terminal--green kp-body-city dialogHelena kp-consent-grid kp-consent-card yes no unknown many kp-streams kp-death-row kp-death-body kp-death-status kp-numbers kp-countdown kp-pressure-lock kp-milo-damage kp-core kp-service-units kp-service-unit kp-dialog-encrypted kp-contact kp-white-room dialogNeon kp-change-log kp-contributors kp-contributor boris mina juros vanta tova kp-turnoff kp-final-line choice choice-link,
,public\books\SYNTHOMA-KONEC_PODPORY\SYNTHOMA_KONEC_PODPORY_14_REKLAMACE.html,56,dialogMilo dialog-line dialogT dialogJuros dialogBoris dialogMina dialogVanta dialogSarkasma dialog1024 dialogSystem dialogGlitchka dialogNull,,kp-chapter kp-chapter--14 title kp-title kp-axiom text kp-milo-repair dialogMilo dialog-line dialogT dialogJuros dialogBoris kp-login kp-login-grid kp-terminal kp-terminal--red kp-terminal--yellow kp-access-timer dialogMina dialogVanta kp-service-freeze dialogSarkasma kp-audit-chain kp-audit-step is-danger kp-duplicates kp-duplicate kp-terminal--magenta dialog1024 dialogSystem kp-terminal--green kp-claim-form kp-form-row kp-evidence kp-terminal--black kp-manual kp-claim-approved dialogGlitchka kp-remedies kp-remedy is-disabled is-selected kp-remedy-countdown kp-dark-pattern kp-dark-buttons primary secondary kp-global-fix kp-city-grid kp-city-node kp-synthoma-influx dialogNull kp-migration-timer kp-final-line choice choice-link,
,public\books\SYNTHOMA-KONEC_PODPORY\SYNTHOMA_KONEC_PODPORY_15_MIGRACE.html,54,dialogBoris dialog-line dialogSystem dialogT dialogJuros dialogMina dialogMilo dialogVanta dialogNeon dialogNull dialogGlitchka dialogSarkasma,,kp-chapter kp-chapter--15 title kp-title kp-axiom text kp-terminal kp-terminal--green kp-node-awake dialogBoris dialog-line dialogSystem kp-migration-counter kp-terminal--magenta dialogT dialogJuros kp-terminal--yellow dialogMina kp-terminal--red dialogMilo kp-milo-arm kp-lift-offer kp-offers kp-offer kp-offer--tova kp-offer--boris kp-offer--mina kp-offer--juros kp-offer--milo kp-offer--vanta dialogVanta dialogNeon dialogNull dialogGlitchka dialogSarkasma kp-prime-mirror kp-companions kp-companion kp-restraint kp-injury kp-square kp-consent-matrix kp-consent yes no unknown many kp-radio is-blocked kp-island-map kp-bus-lock kp-final-line choice choice-link,
,public\books\SYNTHOMA-KONEC_PODPORY\SYNTHOMA_KONEC_PODPORY_16_RUCNI_REZIM.html,58,dialogT dialog-line dialogBoris dialogMilo dialogMina dialogVanta dialogSystem dialogJuros dialog1024 dialogNeon dialogGlitchka dialogSarkasma,,kp-chapter kp-chapter--16 title kp-title kp-axiom text kp-bus-run kp-terminal kp-terminal--red kp-stop-timer dialogT dialog-line dialogBoris kp-terminal--yellow dialogMilo dialogMina kp-terminal--green dialogVanta dialogSystem kp-energy-site dialogJuros kp-fragments kp-fragment kp-fragment--transport kp-fragment--care kp-fragment--logistics kp-fragment--home kp-fragment--security kp-barrier-clash kp-care-lock kp-logistics-belt kp-terminal--black kp-truth-broadcast kp-drone-sky kp-terminal--magenta dialog1024 kp-substation kp-load-shed kp-load is-off kp-gate kp-yellow-lever dialogNeon kp-blackout kp-consequence-grid kp-consequence live bad unknown dialogGlitchka dialogSarkasma kp-bulb kp-island-status kp-null-thread kp-milo-crushed kp-final-line choice choice-link,
,public\books\SYNTHOMA-KONEC_PODPORY\SYNTHOMA_KONEC_PODPORY_17_ZADNA_ODPOVED.html,64,dialogMilo dialog-line dialogT dialogVanta dialogMina dialogBoris dialogJuros dialogCivil dialogNeon dialogGlitchka,,kp-chapter kp-chapter--17 title kp-title kp-axiom text kp-night-grid kp-night-item is-live is-bad dialogMilo dialog-line dialogT kp-pump dialogVanta dialogMina dialogBoris dialogJuros kp-milo-cart kp-city-week kp-terminal kp-door-codes kp-door-code kp-terminal--red kp-terminal--yellow kp-terminal--black kp-wayfinding kp-support-desk dialogCivil kp-paper-cases kp-case is-open kp-terminal--green kp-clinic-grid kp-consent-grid kp-consent yes no unknown silent kp-static kp-radio-room kp-delayed dialogNeon kp-map kp-live-text dialogGlitchka kp-interface-room kp-slots kp-slot kp-slot--mina kp-slot--tova kp-slot--boris kp-slot--juros kp-slot--vanta kp-slot--milo kp-terminal--magenta kp-red-pulls kp-risk-list kp-risk kp-waiting kp-final-line choice choice-link,
,public\books\SYNTHOMA-KONEC_PODPORY\SYNTHOMA_KONEC_PODPORY_18_KONEC_PODPORY.html,58,dialogBoris dialog-line dialogJuros dialogVanta dialogMina dialogT dialogSystem dialogMilo dialogNull dialogNeon,,kp-chapter kp-chapter--18 title kp-title kp-axiom text kp-terminal kp-terminal--green dialogBoris dialog-line dialogJuros dialogVanta dialogMina dialogT kp-open-city kp-door-grid kp-door is-locked kp-terminal--magenta dialogSystem kp-terminal--yellow kp-yellow-route dialogMilo kp-broadcast kp-terminal--black kp-final-notice kp-lab kp-entry-grid kp-entry kp-entry--mina kp-entry--tova kp-entry--boris kp-entry--juros kp-entry--vanta kp-entry--milo kp-mechanical-timer kp-terminal--red kp-consent-list kp-consent-row kp-y-n yes no kp-transfer kp-void kp-letters kp-letter kp-fox-object dialogNull kp-vanta-face kp-yellow-line kp-neon-zero dialogNeon kp-crack kp-key kp-open-case kp-final-line choice choice-link,
,public\books\SYNTHOMA-NULL\0-0 [NULL].html,24,dialog dialog-line dialogN,fx-scanline fx-neon fx-underline corrupt fx-flicker fx-outline halo echo-ghost fx-wave fx-gradient fx-noise,log datastream fx-scanline dialog dialog-line title text fx-neon panel glass fx-underline corrupt fx-flicker dialogN fx-outline is-lit halo choice echo-ghost fx-wave fx-gradient title-sm fx-noise choice-link,
,public\books\SYNTHOMA-NULL\0-0 [NULL]_en.html,24,dialog dialog-line dialogN,fx-scanline fx-neon fx-underline corrupt fx-flicker fx-outline halo echo-ghost fx-wave fx-gradient fx-noise,log datastream fx-scanline dialog dialog-line title text fx-neon panel glass fx-underline corrupt fx-flicker dialogN fx-outline is-lit halo choice echo-ghost fx-wave fx-gradient title-sm fx-noise choice-link,
,public\books\SYNTHOMA-NULL\0-1 [START].html,21,dialog dialog-line dialogN dialogS,fx-scanline bios-warning fx-outline fx-underline corrupt fx-neon fx-flicker echo-ghost,log datastream fx-scanline dialog dialog-line bios-warning title text fx-outline is-lit fx-underline panel glass corrupt dialogN choice fx-neon dialogS fx-flicker echo-ghost choice-link,
,public\books\SYNTHOMA-NULL\0-1 [START]_en.html,21,dialog dialog-line dialogN dialogS,fx-scanline bios-warning fx-outline fx-underline corrupt fx-neon fx-flicker echo-ghost,log datastream fx-scanline dialog dialog-line bios-warning title text fx-outline is-lit fx-underline panel glass corrupt dialogN choice fx-neon dialogS fx-flicker echo-ghost choice-link,
,public\books\SYNTHOMA-NULL\0-2 [RUN].html,34,dialog dialog-line dialogS dialogN dialogG,fx-scanline bios-warning fx-outline corrupt glitchy fx-noise fx-underline echo-ghost quantum-blur memory-leak overheat neon-blood halo fx-flicker glitching fx-neon fx-glow-magenta static-noise,log datastream fx-scanline dialog dialog-line bios-warning title text fx-outline is-lit dialogS corrupt glitchy fx-noise dialogN fx-underline panel glass echo-ghost quantum-blur memory-leak choice overheat fog neon-blood halo fx-flicker glitching glitching-char dialogG fx-neon fx-glow-magenta static-noise choice-link,
,public\books\SYNTHOMA-NULL\0-2 [RUN]_en.html,34,dialog dialog-line dialogS dialogN dialogG,fx-scanline bios-warning fx-outline corrupt glitchy fx-noise fx-underline echo-ghost quantum-blur memory-leak overheat neon-blood halo fx-flicker glitching fx-neon fx-glow-magenta static-noise,log datastream fx-scanline dialog dialog-line bios-warning title text fx-outline is-lit dialogS corrupt glitchy fx-noise dialogN fx-underline panel glass echo-ghost quantum-blur memory-leak choice overheat fog neon-blood halo fx-flicker glitching glitching-char dialogG fx-neon fx-glow-magenta static-noise choice-link,
,public\books\SYNTHOMA-NULL\0-3 [DISCONTINUUM].html,30,dialog dialog-line dialogN dialogS,fx-scanline corrupt fx-underline bios-warning fx-flicker static-noise fx-wave glitchy fx-outline fx-noise halo fx-gradient echo-ghost fx-glitch quantum-blur redacted,log datastream fx-scanline dialog dialog-line corrupt fx-underline bios-warning title text fx-flicker dialogN panel glass static-noise fx-wave dialogS glitchy choice fx-outline is-lit fx-noise halo warning fx-gradient echo-ghost fx-glitch quantum-blur redacted choice-link,
,public\books\SYNTHOMA-NULL\0-3 [DISCONTINUUM]_en.html,30,dialog dialog-line dialogN dialogS,fx-scanline corrupt fx-underline bios-warning fx-flicker static-noise fx-wave glitchy fx-outline fx-noise halo fx-gradient echo-ghost fx-glitch quantum-blur redacted,log datastream fx-scanline dialog dialog-line corrupt fx-underline bios-warning title text fx-flicker dialogN panel glass static-noise fx-wave dialogS glitchy choice fx-outline is-lit fx-noise halo warning fx-gradient echo-ghost fx-glitch quantum-blur redacted choice-link,
,public\books\SYNTHOMA-NULL\0-∞ [RESTART].html,36,dialog dialog-line dialogD dialogN,fx-scanline fx-neon neon-blood fx-glitch corrupt fx-noise echo-ghost fx-flicker fx-uppercase-wide fx-glow-magenta fx-underline halo fx-wave fx-gradient glitchy alarm-emote fx-outline,log fx-scanline datastream dialog dialog-line title text fx-neon neon-blood fx-glitch corrupt fx-noise choice echo-ghost fx-flicker dialogD dialogN fx-uppercase-wide neon-word neon-char bright flickering flickering-off fx-glow-magenta fx-underline panel glass title-sm halo fx-wave fx-gradient glitchy alarm-emote fx-outline is-lit choice-link,medium-fx-density
,public\books\SYNTHOMA-NULL\0-∞ [RESTART]_en.html,36,dialog dialog-line dialogD dialogN,fx-scanline fx-neon neon-blood fx-glitch corrupt fx-noise echo-ghost fx-flicker fx-uppercase-wide fx-glow-magenta fx-underline halo fx-wave fx-gradient glitchy alarm-emote fx-outline,log fx-scanline datastream dialog dialog-line title text fx-neon neon-blood fx-glitch corrupt fx-noise choice echo-ghost fx-flicker dialogD dialogN fx-uppercase-wide neon-word neon-char bright flickering flickering-off fx-glow-magenta fx-underline panel glass title-sm halo fx-wave fx-gradient glitchy alarm-emote fx-outline is-lit choice-link,medium-fx-density
,public\books\SYNTHOMA-NULL\SYNTHOMA.html,47,dialog dialogD dialogN dialogS dialogG,fx-scanline fx-neon neon-blood fx-glitch corrupt fx-noise echo-ghost fx-flicker fx-uppercase-wide fx-glow-magenta fx-underline halo fx-wave fx-gradient glitchy alarm-emote fx-outline bios-warning quantum-blur memory-leak overheat glitching static-noise redacted,log fx-scanline datastream dialog title text fx-neon neon-blood fx-glitch corrupt fx-noise choice echo-ghost fx-flicker dialogD dialogN fx-uppercase-wide neon-word neon-char bright flickering flickering-off fx-glow-magenta fx-underline panel glass title-sm halo fx-wave fx-gradient glitchy alarm-emote fx-outline is-lit choice-link bios-warning dialogS quantum-blur memory-leak overheat fog glitching glitching-char dialogG static-noise warning redacted,medium-fx-density
,src\content\protected\SYNTHOMA-NULL\0-10 [REST].html,25,dialog dialog-line dialogS dialogG dialogN,fx-scanline fx-neon neon-blood bios-warning fx-outline halo fx-gradient corrupt static-noise fx-underline fx-flicker,log fx-scanline datastream dialog dialog-line title fx-neon neon-blood bios-warning text fx-outline is-lit halo fx-gradient dialogS corrupt dialogG choice static-noise dialogN fx-underline panel glass fx-flicker choice-link,
,src\content\protected\SYNTHOMA-NULL\0-11 [ORGIE].html,23,dialog dialog-line dialogS dialogN dialogG,fx-scanline fx-neon neon-blood bios-warning halo fx-gradient fx-flicker echo-ghost corrupt,log fx-scanline datastream dialog dialog-line title fx-neon neon-blood bios-warning text halo fx-gradient fx-flicker dialogS dialogN dialogG neon-char echo-ghost choice panel glass corrupt choice-link,
,src\content\protected\SYNTHOMA-NULL\0-4 [DEFRAGMENTATION].html,30,dialog dialog-line dialogN dialogS dialogG,fx-scanline fx-underline bios-warning fx-outline corrupt fx-noise fx-wave echo-ghost memory-leak fx-flicker redacted fx-gradient fx-neon fx-glow-magenta halo static-noise,log datastream fx-scanline dialog dialog-line fx-underline bios-warning title text fx-outline is-lit corrupt fx-noise fx-wave echo-ghost memory-leak dialogN dialogS fx-flicker panel glass choice redacted fx-gradient fx-neon fx-glow-magenta dialogG halo static-noise choice-link,medium-fx-density
,src\content\protected\SYNTHOMA-NULL\0-5 [PAUSE].html,27,dialog dialog-line dialogN dialogS dialogG,fx-scanline bios-warning static-noise fx-wave fx-underline quantum-blur corrupt fx-noise fx-outline memory-leak fx-flicker halo fx-gradient,log datastream fx-scanline dialog dialog-line bios-warning title text static-noise fx-wave panel glass fx-underline quantum-blur corrupt fx-noise dialogN fx-outline is-lit memory-leak fx-flicker halo fx-gradient choice dialogS dialogG choice-link,
,src\content\protected\SYNTHOMA-NULL\0-6 [SEARCHING].html,28,dialog dialog-line dialogN dialogG dialogS,fx-scanline bios-warning halo fx-outline fx-gradient quantum-blur corrupt fx-flicker fx-wave fx-neon static-noise echo-ghost overheat fx-noise,log datastream fx-scanline dialog dialog-line bios-warning title text halo fx-outline is-lit fx-gradient dialogN quantum-blur dialogG dialogS corrupt choice fx-flicker fx-wave fx-neon static-noise echo-ghost overheat fx-noise panel glass choice-link,
,src\content\protected\SYNTHOMA-NULL\0-7 [RUINS].html,31,dialog dialog-line dialogG dialogN dialogS,fx-scanline bios-warning fx-outline echo-ghost corrupt fx-flicker halo fx-gradient memory-leak redacted fx-underline neon-blood quantum-blur fx-neon fx-uppercase-wide static-noise overheat,log fx-scanline datastream dialog dialog-line bios-warning title text fx-outline is-lit echo-ghost corrupt fx-flicker halo fx-gradient dialogG memory-leak dialogN choice redacted panel glass fx-underline neon-blood quantum-blur fx-neon fx-uppercase-wide static-noise dialogS overheat choice-link,
,src\content\protected\SYNTHOMA-NULL\0-8 [REZIDUUM].html,27,dialog dialog-line dialogN dialogS dialogG,fx-scanline bios-warning fx-neon overheat fx-flicker static-noise fx-gradient echo-ghost halo memory-leak corrupt quantum-blur neon-blood fx-underline,log fx-scanline datastream dialog dialog-line bios-warning title fx-neon text overheat fx-flicker static-noise fx-gradient dialogN dialogS echo-ghost halo choice memory-leak corrupt quantum-blur panel glass neon-blood dialogG fx-underline choice-link,
,src\content\protected\SYNTHOMA-NULL\0-9 [SECTOR].html,26,dialog dialog-line dialogN dialogS dialogG,fx-scanline fx-neon bios-warning fx-flicker echo-ghost corrupt halo static-noise fx-gradient fx-noise quantum-blur neon-blood fx-underline,log fx-scanline datastream dialog dialog-line title fx-neon bios-warning text fx-flicker echo-ghost dialogN dialogS corrupt dialogG halo static-noise fx-gradient choice fx-noise quantum-blur panel glass neon-blood fx-underline choice-link,
