"group","sha256","sizeBytes","count","path"
"DUP-0001","e3b0c44298fc1c149afbf4c8996fb92427ae41e4649b934ca495991b7852b855","0","9",".devin/workflows/archive.md"
"DUP-0001","e3b0c44298fc1c149afbf4c8996fb92427ae41e4649b934ca495991b7852b855","0","9","apps/web/prisma/migrations/20250101000000_baseline/migration.sql"
"DUP-0001","e3b0c44298fc1c149afbf4c8996fb92427ae41e4649b934ca495991b7852b855","0","9","apps/web/public/assets/.gitkeep"
"DUP-0001","e3b0c44298fc1c149afbf4c8996fb92427ae41e4649b934ca495991b7852b855","0","9","apps/web/public/assets/images/.gitkeep"
"DUP-0001","e3b0c44298fc1c149afbf4c8996fb92427ae41e4649b934ca495991b7852b855","0","9","apps/web/public/assets/images/favicon.ico"
"DUP-0001","e3b0c44298fc1c149afbf4c8996fb92427ae41e4649b934ca495991b7852b855","0","9","apps/web/public/audio/.gitkeep"
"DUP-0001","e3b0c44298fc1c149afbf4c8996fb92427ae41e4649b934ca495991b7852b855","0","9","apps/web/public/books/.gitkeep"
"DUP-0001","e3b0c44298fc1c149afbf4c8996fb92427ae41e4649b934ca495991b7852b855","0","9","apps/web/public/fonts/.gitkeep"
"DUP-0001","e3b0c44298fc1c149afbf4c8996fb92427ae41e4649b934ca495991b7852b855","0","9","apps/web/public/video/.gitkeep"
"DUP-0002","fa04c30fafb1ce8acae9231fabcde70cfdd95b506e1ee8ee133855fccb9f207b","1349849","2","apps/web/public/assets/icon_mono.png"
"DUP-0002","fa04c30fafb1ce8acae9231fabcde70cfdd95b506e1ee8ee133855fccb9f207b","1349849","2","apps/web/public/icons/source/synthoma-pwa-monochrome-master.png"
"DUP-0003","90dcada5827acb57b797b0e967b5e9334e4a035f8d16e4640b73d1a58790730d","14177","2","apps/web/public/synth-gate.css"
"DUP-0003","90dcada5827acb57b797b0e967b5e9334e4a035f8d16e4640b73d1a58790730d","14177","2","apps/web/src/styles/synth-gate.css"
"DUP-0004","44e1ddca002f7adfd8297b6cd3acfd0622da3d56c38e13469bd8892d15fa4b7c","1564019","2","apps/web/public/assets/icon.png"
"DUP-0004","44e1ddca002f7adfd8297b6cd3acfd0622da3d56c38e13469bd8892d15fa4b7c","1564019","2","apps/web/public/icons/source/synthoma-pwa-master.png"
"DUP-0005","9965356cacf07e9cbe5b7ae78ba5847817f7ac37bcfcf9e76e536e121f778193","16002","2","apps/web/src/game/cyklus/cyklusItems.ts"
"DUP-0005","9965356cacf07e9cbe5b7ae78ba5847817f7ac37bcfcf9e76e536e121f778193","16002","2","apps/web/synthoma_cyklus_cards_patch_v17/cyklusItems.ts"
"DUP-0006","0c68b4b9027a19a56b793dfef4bd9553407e35a7222e275d94781b23f9033e27","19658","2","apps/web/src/game/cyklus/cyklusPoolCatalog.ts"
"DUP-0006","0c68b4b9027a19a56b793dfef4bd9553407e35a7222e275d94781b23f9033e27","19658","2","apps/web/synthoma_cyklus_cards_patch_v17/cyklusPoolCatalog.ts"
"DUP-0007","1540a3b65c521dd0cc5eb91e646813b68ef2f048edef390c88906b79007d3217","20678","2","apps/web/src/game/cyklus/cyklusItemMood.ts"
"DUP-0007","1540a3b65c521dd0cc5eb91e646813b68ef2f048edef390c88906b79007d3217","20678","2","apps/web/synthoma_cyklus_cards_patch_v17/cyklusItemMood.ts"
"DUP-0008","c89504c9962cd8d94fd3ed1d0dfbe550fb303d48e6130b7c3cdaf68206ef3dab","2938","2","apps/web/src/game/cyklus/cyklusImprints.ts"
"DUP-0008","c89504c9962cd8d94fd3ed1d0dfbe550fb303d48e6130b7c3cdaf68206ef3dab","2938","2","apps/web/synthoma_cyklus_cards_patch_v17/cyklusImprints.ts"
"DUP-0009","5378796307535df3ec8d8b15a2e2dc5641419c3d3060cfe32238c0fa973f7aa3","3","2",".nvmrc"
"DUP-0009","5378796307535df3ec8d8b15a2e2dc5641419c3d3060cfe32238c0fa973f7aa3","3","2","apps/web/.nvmrc"
"DUP-0010","833442a81e83b53c1b79550f586f98251142f9efb02c8e47c6dee55771d447f5","31796","2","apps/web/src/game/cyklus/cyklusFindings.ts"
"DUP-0010","833442a81e83b53c1b79550f586f98251142f9efb02c8e47c6dee55771d447f5","31796","2","apps/web/synthoma_cyklus_cards_patch_v17/cyklusFindings.ts"
"DUP-0011","4eb9c1c3a4bc484ed2c0966b982b276425c90d57a2208260fef70aa920bdddcf","32620","2","apps/web/src/game/cyklus/cyklusStory.ts"
"DUP-0011","4eb9c1c3a4bc484ed2c0966b982b276425c90d57a2208260fef70aa920bdddcf","32620","2","apps/web/synthoma_cyklus_cards_patch_v17/cyklusStory.ts"
"DUP-0012","5fb1259b2074c542d29bf344a6835702747ba9d06a4b83a6d67ad6e66188f974","62325","2","apps/web/public/books/SYNTHOMA-NULL/0-2 [RUN].html"
"DUP-0012","5fb1259b2074c542d29bf344a6835702747ba9d06a4b83a6d67ad6e66188f974","62325","2","apps/web/public/books/SYNTHOMA-NULL/0-2 [RUN]_en.html"
"DUP-0013","b142e7eafeddabff5b503bf5ae873e805da6f2871d999ee34f0cd4c43e809a42","7288","2","apps/web/src/game/cyklus/cyklusUnlocks.ts"
"DUP-0013","b142e7eafeddabff5b503bf5ae873e805da6f2871d999ee34f0cd4c43e809a42","7288","2","apps/web/synthoma_cyklus_cards_patch_v17/cyklusUnlocks.ts"
